wavelength_nm,intensity
300.0,70.70212713381586
300.25,53.05845237388678
300.5,65.68066618374003
300.75,56.758426508050874
301.0,58.28030752152577
301.25,68.88418007250044
301.5,68.17158997165316
301.75,68.5779696224317
302.0,60.640475884060535
302.25,66.0136906141445
302.5,60.30102019471583
302.75,70.63627682053966
303.0,73.06936900389265
303.25,81.58068021664822
303.5,77.64691023946102
303.75,61.05460269728039
304.0,63.815121138950296
304.25,59.94899495874144
304.5,69.88483336076573
304.75,83.26112712896959
305.0,73.06552706868537
305.25,49.782923425218186
305.5,57.29885504780873
305.75,56.99897580216728
306.0,71.44174465151981
306.25,67.31993478537764
306.5,84.19672973253132
306.75,401.9020687708022
307.0,145.6892036277534
307.25,61.089278827640975
307.5,315.55295114455055
307.75,183.6052745700179
308.0,60.988326535897144
308.25,50.945548731538224
308.5,95.04780241454858
308.75,291.39102688978744
309.0,71.2693035185505
309.25,67.44648063601723
309.5,75.0207875011737
309.75,65.94719949257778
310.0,61.4966530661215
310.25,61.101285219293636
310.5,82.22468795555876
310.75,52.874936199898954
311.0,68.37536019795938
311.25,67.17596147728878
311.5,71.89065485677477
311.75,63.70580631776052
312.0,70.92277357596178
312.25,73.44019324993769
312.5,65.72282410264226
312.75,63.22817183815536
313.0,65.38558106216385
313.25,59.14395100587291
313.5,65.1888776472645
313.75,64.42307860117518
314.0,68.5086571391001
314.25,77.50411540118188
314.5,77.26528929648151
314.75,63.2295626051519
315.0,71.60511621112522
315.25,69.13010596763048
315.5,72.85281855765325
315.75,66.92159852163549
316.0,68.8658653023033
316.25,62.97953774623741
316.5,60.444182157056005
316.75,73.68800325296486
317.0,77.09313505452562
317.25,71.99178952118807
317.5,70.17168165946244
317.75,68.80675772427792
318.0,63.06825864173278
318.25,52.39648410984727
318.5,71.96143316491256
318.75,68.24096970286874
319.0,62.20611271479544
319.25,58.9153075031766
319.5,76.84956757557745
319.75,52.18630416546219
320.0,80.70927806030106
320.25,71.72583702322976
320.5,85.56926155877812
320.75,60.856346902057595
321.0,66.41930791302073
321.25,62.536432999840855
321.5,67.82611483697039
321.75,64.90105484772383
322.0,60.589270859460164
322.25,75.17222279525204
322.5,60.29111146675488
322.75,62.50491776588808
323.0,71.00103929221872
323.25,62.26132887406935
323.5,63.083040895701586
323.75,69.40575857090481
324.0,63.613728247254436
324.25,56.582617356146194
324.5,65.73585378221492
324.75,64.79467364504414
325.0,80.19088948747012
325.25,57.77643744235107
325.5,74.30744705173692
325.75,60.26517101651097
326.0,63.70577719787625
326.25,63.940386567813086
326.5,68.71947223765848
326.75,73.46429132128408
327.0,80.55753954730076
327.25,61.468782495997324
327.5,77.20227051826842
327.75,74.52812403661474
328.0,73.06841285761016
328.25,60.49636770926191
328.5,73.77956660291774
328.75,65.71888629836849
329.0,69.4084126079214
329.25,64.43318602649738
329.5,71.90338449961793
329.75,75.5153660844654
330.0,75.64824248691197
330.25,64.963492905681
330.5,74.57423916191271
330.75,78.23323959334186
331.0,59.14032764988474
331.25,78.40741760363063
331.5,55.95352518637205
331.75,70.98497573636043
332.0,71.40203482325921
332.25,78.52051651971688
332.5,68.89562007657064
332.75,62.82822633586103
333.0,60.30742162975632
333.25,56.681204218830494
333.5,72.82711004388555
333.75,64.81319087089415
334.0,60.97687153353124
334.25,70.98352783307438
334.5,60.618483815655004
334.75,63.253265378436225
335.0,63.09154962755659
335.25,80.00400147735238
335.5,78.48264428389854
335.75,65.52817930639576
336.0,54.23374370675332
336.25,69.02776977650844
336.5,67.40229717669095
336.75,69.64950993256431
337.0,347.606927936539
337.25,159.08242496466488
337.5,74.2802989307462
337.75,73.5878461404607
338.0,68.59103813388062
338.25,63.67005708213988
338.5,63.08938129550096
338.75,72.49020727768968
339.0,58.16779583591024
339.25,65.7026219363949
339.5,60.99464622101601
339.75,55.8628238179303
340.0,71.8557587462134
340.25,66.83674730894522
340.5,67.34545335709353
340.75,74.07041647829688
341.0,55.140731639606685
341.25,66.57313316015085
341.5,69.43639903224965
341.75,73.80336141648041
342.0,58.48325101521331
342.25,72.90807763873846
342.5,68.9554349639614
342.75,78.06490315985246
343.0,76.34755256140069
343.25,71.65370489267328
343.5,84.46395307962914
343.75,67.2857719476726
344.0,63.920411811352196
344.25,64.61024823053616
344.5,59.83307263889361
344.75,67.14721416051545
345.0,52.3712935597123
345.25,66.74386745825063
345.5,70.84782959891389
345.75,75.39282624590862
346.0,64.70619472210589
346.25,78.61712189832853
346.5,62.3191401387695
346.75,66.47528111654006
347.0,52.55355181631773
347.25,61.508556699244046
347.5,61.28986605228914
347.75,79.31536746893784
348.0,71.81262636383256
348.25,59.06629834328761
348.5,71.88639573874804
348.75,71.50352159991255
349.0,65.94204708548774
349.25,67.97041582578301
349.5,65.43203381734136
349.75,63.6045734669796
350.0,54.01936369874983
350.25,67.18633684279833
350.5,77.95398226926494
350.75,79.13299888624975
351.0,65.79552778148825
351.25,62.16467138732794
351.5,66.37325271482521
351.75,75.06427458298046
352.0,70.8248904731325
352.25,63.548274740551186
352.5,70.96376131712316
352.75,66.55364475086499
353.0,72.2167682710992
353.25,65.03706709326606
353.5,56.76338370699084
353.75,68.73024973578677
354.0,74.24004505536126
354.25,59.69406125741054
354.5,67.52681215404193
354.75,75.24231344702159
355.0,65.50320318026384
355.25,63.377654200145706
355.5,84.31798108113264
355.75,74.98319769400773
356.0,76.55599961930817
356.25,61.20292962568156
356.5,81.33016667129262
356.75,55.72787192622752
357.0,64.6288701427198
357.25,74.4624748475277
357.5,100.18547927902407
357.75,345.3240030725188
358.0,64.2834134384748
358.25,70.3552407492394
358.5,53.84607941537122
358.75,73.8643410435498
359.0,73.27904002195315
359.25,65.47489782847778
359.5,73.16926121600609
359.75,75.05628519193067
360.0,71.45810953167674
360.25,73.14595444642998
360.5,80.88188003985105
360.75,65.44361436871846
361.0,70.44453292985857
361.25,65.1636923997292
361.5,77.28503798118918
361.75,66.12627522901498
362.0,73.00482078423535
362.25,70.41956902536793
362.5,69.90685108619272
362.75,82.74011201540007
363.0,68.80265782029109
363.25,80.48135952790537
363.5,75.93247097647362
363.75,79.79011169921401
364.0,68.32436449263602
364.25,76.82288059052841
364.5,75.52661195217668
364.75,64.9542673333977
365.0,71.82783797848859
365.25,68.78404874281028
365.5,69.53916508586086
365.75,79.91844303735154
366.0,64.31633311800302
366.25,56.918118391155154
366.5,56.4979737920145
366.75,66.49875526659369
367.0,65.04940155175748
367.25,70.17933753814133
367.5,74.47534596861077
367.75,83.74069421092132
368.0,72.56744382094753
368.25,73.79496417185844
368.5,64.58089514836527
368.75,74.77176633843676
369.0,80.8161265485931
369.25,80.71338942186267
369.5,55.32209680925491
369.75,77.31133185742911
370.0,82.69526943403265
370.25,76.88957946860384
370.5,59.022178367538565
370.75,68.22148247323703
371.0,75.15525677885455
371.25,73.86803199161741
371.5,64.44673397404853
371.75,63.87712744156015
372.0,78.22318848144127
372.25,60.532620158091035
372.5,81.90451899563435
372.75,71.0465614698427
373.0,73.24672605690351
373.25,60.69282756115539
373.5,66.41548377938341
373.75,76.35176568481458
374.0,59.75358412571816
374.25,87.06649748831171
374.5,60.3502292962655
374.75,61.78976804970781
375.0,71.56737129267248
375.25,74.98039984065582
375.5,76.95374284088088
375.75,68.493853385322
376.0,69.79190554268418
376.25,69.6097783573595
376.5,67.04081653636369
376.75,51.67045255219206
377.0,78.93783200163958
377.25,73.51109187083388
377.5,72.83803156474826
377.75,66.82224747936212
378.0,73.6263692580908
378.25,71.63178491658933
378.5,71.18075826214313
378.75,80.30734440080477
379.0,58.60976309789517
379.25,73.82247340830868
379.5,63.72794677084101
379.75,69.51963766623203
380.0,83.52196758998247
380.25,69.97830976247336
380.5,296.30962063173774
380.75,73.83943234207175
381.0,79.45090300531088
381.25,64.66415100728474
381.5,59.297625372562415
381.75,76.21669986285174
382.0,69.58462748140585
382.25,69.8891705946455
382.5,80.68252231770495
382.75,65.59702369562517
383.0,69.58670790076278
383.25,73.62809017391504
383.5,75.70789315309712
383.75,68.59929635129508
384.0,80.55792124341332
384.25,89.86393965650998
384.5,69.54133658102941
384.75,87.08251694749326
385.0,56.548842036630404
385.25,83.60091376641347
385.5,70.18592174668194
385.75,73.92166330541296
386.0,70.29434505374022
386.25,68.05108134576054
386.5,63.16179524885519
386.75,69.98173100053745
387.0,83.00874804530723
387.25,81.84588542442178
387.5,70.44715077757472
387.75,69.10324176942895
388.0,67.80331571546024
388.25,64.0154916755928
388.5,87.1247237213768
388.75,78.40034373728685
389.0,74.24003271333656
389.25,69.60019664215554
389.5,65.5580763764645
389.75,83.55931911537242
390.0,79.47996169102879
390.25,66.19871736346389
390.5,81.14922725646069
390.75,65.08190824883383
391.0,78.5523418717157
391.25,128.24719147640846
391.5,251.11893207201868
391.75,77.5388044380743
392.0,77.07956850130046
392.25,81.56246539908764
392.5,67.39975789358564
392.75,85.98706082025863
393.0,84.22142486878124
393.25,73.85040177675911
393.5,77.53517668218383
393.75,68.0191947240674
394.0,72.8584938197501
394.25,63.91837636509847
394.5,74.77914846594456
394.75,75.65874642078985
395.0,84.47952627120965
395.25,81.4713909747419
395.5,80.48259778978506
395.75,71.47750714192466
396.0,72.5625698182169
396.25,71.70271557326294
396.5,76.05945731926933
396.75,59.55727992464019
397.0,80.33609585847202
397.25,62.411272554318145
397.5,70.5195325695129
397.75,74.67882062559441
398.0,70.59467040529319
398.25,87.34014411354335
398.5,73.84838161339398
398.75,86.69969824823552
399.0,83.67363093783133
399.25,70.8720549339224
399.5,77.79672413051175
399.75,84.71860920553299
400.0,72.21838072918995
400.25,75.48356206872023
400.5,70.5479359014195
400.75,75.31329000423082
401.0,72.17341776044717
401.25,75.55365440877885
401.5,82.64201299134179
401.75,85.67179009604884
402.0,76.02487685251417
402.25,76.58034904615022
402.5,81.63191303783277
402.75,72.85540249855133
403.0,66.98069161864204
403.25,83.66350612038988
403.5,67.98390924513947
403.75,82.3345447275055
404.0,67.80600758110046
404.25,89.29820800795355
404.5,67.24771480555573
404.75,81.81102566540108
405.0,86.8316663542904
405.25,67.95973861854701
405.5,86.77287415092097
405.75,69.06721895607542
406.0,61.86362250192512
406.25,80.98078942601506
406.5,80.84793171260944
406.75,73.9270780313582
407.0,56.114332094357295
407.25,75.10919751131587
407.5,73.20408798660404
407.75,72.66191896940873
408.0,73.37272893168063
408.25,61.872070445888795
408.5,71.28541264137972
408.75,89.48615761265208
409.0,87.56091090734786
409.25,72.92787357241114
409.5,70.25718672678548
409.75,78.78958273264769
410.0,83.92137227847535
410.25,81.33972852493642
410.5,66.82716868086604
410.75,77.07005807437214
411.0,76.92230919936993
411.25,86.91057337059698
411.5,85.07006204144261
411.75,79.92386791895989
412.0,85.25908302860407
412.25,72.90132360924032
412.5,87.76698452798263
412.75,72.7014247278076
413.0,79.0291811378897
413.25,83.05832915850426
413.5,69.00661496573524
413.75,70.64678108621614
414.0,62.554489531003284
414.25,77.33668349940841
414.5,75.66515892056593
414.75,73.59314023394093
415.0,79.94463962120078
415.25,59.8793530010512
415.5,75.96577044433617
415.75,76.83146704033862
416.0,74.1328198384729
416.25,82.28730934988677
416.5,89.6601046960395
416.75,72.79263415996033
417.0,69.01153348805514
417.25,71.59960075370093
417.5,76.96663490963968
417.75,80.76711103439328
418.0,69.66517861932981
418.25,83.96429759428273
418.5,68.43311912841594
418.75,82.66467685183102
419.0,79.60425698428163
419.25,79.89393699713855
419.5,92.91404950057625
419.75,74.32923520101517
420.0,75.09244340389279
420.25,80.0315607645021
420.5,83.01033370847081
420.75,66.1105732943604
421.0,78.51087339021578
421.25,70.7125254615958
421.5,81.25643985296381
421.75,86.94156275164397
422.0,76.82698672179527
422.25,75.61995500212471
422.5,77.85348710110209
422.75,53.75676716450892
423.0,82.37550578484051
423.25,80.77476477934741
423.5,77.73370704024232
423.75,73.43469652652043
424.0,70.86825798477628
424.25,75.10976186257561
424.5,85.80897480604474
424.75,75.70900368998694
425.0,86.84833235751462
425.25,56.750336159773966
425.5,72.97642985882698
425.75,78.61537479176718
426.0,76.40976350219803
426.25,63.766379988290716
426.5,71.4122600839667
426.75,86.11939460528774
427.0,66.60305291203825
427.25,68.91596443524566
427.5,68.10045365595217
427.75,72.28871734160424
428.0,81.46415339758943
428.25,81.0918272867606
428.5,60.936185993683964
428.75,87.73947541070743
429.0,71.97876906801709
429.25,72.00792531741641
429.5,89.33448045345904
429.75,75.89889390984092
430.0,67.00459619245443
430.25,71.6158822670424
430.5,70.94028236939066
430.75,68.76554458966352
431.0,73.95733228385521
431.25,83.25252478756786
431.5,79.20087682302433
431.75,65.90351314919764
432.0,97.910762539612
432.25,68.89767910150319
432.5,77.38556575278244
432.75,76.73373619677139
433.0,82.33531192958327
433.25,73.96053514908822
433.5,79.98377006362627
433.75,92.64517754999146
434.0,77.20180541189792
434.25,68.14634365290134
434.5,78.97621722681822
434.75,70.28169289274807
435.0,73.59961027886419
435.25,77.8796558330297
435.5,79.01447980753343
435.75,74.2350745461991
436.0,82.9268614010051
436.25,74.92363038915568
436.5,66.3766584364196
436.75,83.12938383289737
437.0,73.5821887875067
437.25,85.68496228156094
437.5,71.33185419769303
437.75,80.74972653423056
438.0,78.76049341666477
438.25,55.61878744410134
438.5,64.85254394179884
438.75,67.71345234186415
439.0,87.10267195516982
439.25,61.78832387160364
439.5,83.29416656227698
439.75,84.65375794814909
440.0,80.05714172965696
440.25,81.42114384667134
440.5,72.42274085703998
440.75,76.13581284930325
441.0,77.93160884708189
441.25,79.42410186212643
441.5,81.61005331283312
441.75,74.57869823986755
442.0,70.76617207726726
442.25,71.81883132520434
442.5,79.28024863623942
442.75,63.353326889765114
443.0,66.46702162735974
443.25,72.91738956840861
443.5,71.81968808358437
443.75,73.97362663807111
444.0,55.586212948891216
444.25,73.40100295562011
444.5,74.07550188259044
444.75,81.94913030617722
445.0,60.76766026275739
445.25,73.60467484910201
445.5,79.58340306825123
445.75,79.68156440909975
446.0,85.09209817480107
446.25,83.99469625821763
446.5,67.80735258642108
446.75,80.74185880243633
447.0,73.26047821180407
447.25,69.64444568229479
447.5,87.58810622695519
447.75,70.94106156467917
448.0,69.19435086317282
448.25,72.6064878154005
448.5,69.17096446363878
448.75,83.44470463992765
449.0,78.60627509963284
449.25,86.43419467463241
449.5,78.80753698661688
449.75,70.89294859289978
450.0,83.66033561011916
450.25,70.54651321328708
450.5,72.00660587762727
450.75,74.25365812188925
451.0,75.82373840885828
451.25,84.69544338395579
451.5,70.81553531988477
451.75,78.16613824761956
452.0,75.22378174443438
452.25,65.72908065025527
452.5,66.96480966028105
452.75,73.67988388546773
453.0,78.46282062662357
453.25,77.79350686003256
453.5,78.99332547188895
453.75,75.65515676650598
454.0,71.80655595142426
454.25,78.52069554336977
454.5,67.48894314787336
454.75,64.84082507499832
455.0,72.60098380922834
455.25,64.12491734155842
455.5,71.15210529097224
455.75,69.33460030788916
456.0,70.79821759389455
456.25,74.70008438605333
456.5,68.85355166516098
456.75,71.73810698536185
457.0,61.78865138975394
457.25,76.06714548260527
457.5,68.13341055637281
457.75,78.01623336140898
458.0,53.072526318562765
458.25,68.6656836144222
458.5,76.69737985316715
458.75,55.97205444377919
459.0,71.99393275804668
459.25,75.47582195162774
459.5,75.51591382619142
459.75,63.15372579317677
460.0,76.44110287361036
460.25,75.79192468374872
460.5,67.11394157964217
460.75,80.33679573832572
461.0,74.18671487825807
461.25,74.68276899690497
461.5,71.04295351713553
461.75,78.71388489392122
462.0,75.20978880701043
462.25,83.21050212946939
462.5,77.89208642069775
462.75,69.61353540500268
463.0,72.62829600720076
463.25,81.41737639806203
463.5,71.47763301114846
463.75,77.22779689267604
464.0,78.2767785109683
464.25,72.82914321859516
464.5,56.19762546321955
464.75,75.18171843505489
465.0,75.78853216565878
465.25,75.15535270475546
465.5,68.20941881923873
465.75,83.39967727175309
466.0,72.98322545057637
466.25,69.1766763625169
466.5,68.42311681444285
466.75,76.71542377663877
467.0,65.47629494245476
467.25,66.14617808341725
467.5,89.33084007836472
467.75,83.96769923419086
468.0,81.95618241292333
468.25,84.33634579115574
468.5,78.35255674765808
468.75,60.68180307676532
469.0,82.93515667930971
469.25,83.25162416701242
469.5,77.43147183186349
469.75,58.464466371381015
470.0,83.20163372919262
470.25,84.12482487045357
470.5,69.71571378952399
470.75,74.48585305199047
471.0,79.48458710464762
471.25,72.78229985487012
471.5,81.92159420409702
471.75,74.01623603981767
472.0,78.7146118857854
472.25,73.99242290994557
472.5,61.845445628531095
472.75,65.56487607667437
473.0,97.78907961237661
473.25,75.38517169148648
473.5,83.35378998323179
473.75,81.9910825344754
474.0,86.43126643108201
474.25,77.41113276154832
474.5,68.46746120144383
474.75,73.20379836630588
475.0,58.15025463964718
475.25,71.54774499418158
475.5,80.01061411267595
475.75,56.181148927435544
476.0,74.4550141770765
476.25,79.29491484153219
476.5,83.17695439502806
476.75,65.66403988972951
477.0,67.76864376337598
477.25,58.244396846286435
477.5,64.86615071860405
477.75,76.89682410847398
478.0,88.79358190619791
478.25,63.809231906009764
478.5,83.38561686632042
478.75,75.97658579958478
479.0,68.79610516205096
479.25,89.65529253104123
479.5,53.01514001327852
479.75,72.05258395808904
480.0,74.2583619580502
480.25,89.08838670118404
480.5,86.4893813705908
480.75,90.10139836169915
481.0,73.54121584970632
481.25,80.10935133185062
481.5,83.08259479769478
481.75,76.45555952093142
482.0,75.27555012813947
482.25,71.05726803310945
482.5,69.32321276098735
482.75,62.96332924915986
483.0,87.70565057397721
483.25,69.13288413562242
483.5,56.50629647024197
483.75,74.83441007284162
484.0,72.67212888164224
484.25,74.53567785356819
484.5,87.63678346324694
484.75,73.2791941130405
485.0,73.06217475540949
485.25,71.34105035509273
485.5,81.80267443430003
485.75,95.09983384271519
486.0,417.81768318357973
486.25,556.8352970367465
486.5,103.96823653094047
486.75,75.76012723986845
487.0,92.20248910583807
487.25,81.73104219948578
487.5,80.24280093908871
487.75,78.8050002298838
488.0,79.2002755853204
488.25,77.78875956833015
488.5,83.30605750414234
488.75,80.00934122281373
489.0,82.54612420993887
489.25,68.04475401871068
489.5,71.84956839682174
489.75,66.1210763196152
490.0,79.18874668541618
490.25,78.15145897549223
490.5,68.00441019122636
490.75,76.13792115877652
491.0,91.98846168896493
491.25,81.1382147461359
491.5,62.782373210663266
491.75,70.72063783510713
492.0,76.35259004768201
492.25,71.09964617185136
492.5,74.35915729397857
492.75,80.51022305498044
493.0,73.85101963633286
493.25,62.718367357089775
493.5,76.81144895671754
493.75,70.45987760582268
494.0,72.08205135449735
494.25,66.76037371328009
494.5,60.37598438079686
494.75,61.41668360044357
495.0,68.35237785581526
495.25,62.75373084472936
495.5,49.91118958167094
495.75,79.98847891672975
496.0,61.97330344750445
496.25,65.35694493406024
496.5,75.12607055829949
496.75,52.1852275923564
497.0,81.40276084784152
497.25,64.93996963835222
497.5,76.05337983687207
497.75,67.1404264438117
498.0,73.25849615668531
498.25,71.67980637405452
498.5,70.8337254483566
498.75,56.59163779465337
499.0,59.357389709444455
499.25,70.47155705679504
499.5,81.76539655568452
499.75,66.51259097277212
500.0,74.89406584844059
500.25,71.99893906572291
500.5,74.48712718304662
500.75,78.43409881822927
501.0,59.01172738190683
501.25,72.8161711706106
501.5,69.27695351708005
501.75,68.21602361368771
502.0,63.983411322167235
502.25,64.49829417291153
502.5,62.58771445579289
502.75,62.04378575090068
503.0,90.1506973109027
503.25,83.82411127257203
503.5,70.64225122119174
503.75,76.33855512914711
504.0,62.93505186822749
504.25,48.84856492992411
504.5,56.3185163814053
504.75,71.61252681341104
505.0,81.7217272132558
505.25,70.16409957857933
505.5,62.68305403339227
505.75,68.59037256016107
506.0,62.68953505357653
506.25,59.58595726108763
506.5,68.63859133324684
506.75,67.325259599312
507.0,64.10356673580476
507.25,63.52123066640363
507.5,63.16707721551831
507.75,72.25342405930299
508.0,81.26597109728361
508.25,68.75875929819661
508.5,87.82115675276552
508.75,57.7738062011797
509.0,72.51907727296116
509.25,61.359586947533415
509.5,69.11404092475725
509.75,71.16257221609902
510.0,74.71854864279166
510.25,79.1655343504273
510.5,66.02678323675407
510.75,60.6646989000509
511.0,68.8791345831862
511.25,72.63340621526233
511.5,64.89494047800716
511.75,77.30406093830142
512.0,83.46276334008815
512.25,59.244305163017074
512.5,73.15721047342367
512.75,78.25675517769828
513.0,55.34685086256338
513.25,71.9328956270392
513.5,68.57106575419257
513.75,59.228661506741986
514.0,80.58575016579555
514.25,72.02105786451153
514.5,66.5949565305259
514.75,73.78804557813376
515.0,75.34121250119482
515.25,76.3313901571831
515.5,74.85580559979665
515.75,73.5216647643197
516.0,61.163505041586454
516.25,67.05556962840225
516.5,71.34556806459499
516.75,48.76485594248805
517.0,86.96913821177554
517.25,67.39272599467496
517.5,62.13355303960002
517.75,56.177550699943026
518.0,72.30651098018286
518.25,70.62106542923047
518.5,65.82196614785431
518.75,67.12997870718073
519.0,63.45942809694229
519.25,64.54711059362944
519.5,69.63250136138417
519.75,65.38396736978451
520.0,75.7024131973866
520.25,69.30487585919467
520.5,71.45270349072887
520.75,73.5923040107413
521.0,80.34837913156105
521.25,75.13610899810973
521.5,72.23498139442422
521.75,69.19066344633586
522.0,64.19001408739851
522.25,67.81206606810659
522.5,75.8117998147166
522.75,72.2667802097349
523.0,67.48748300891742
523.25,60.13662080186177
523.5,58.5808195209069
523.75,73.05089438346994
524.0,78.5612811404323
524.25,73.48012114788189
524.5,59.86957202898807
524.75,68.92944298934104
525.0,72.33089319445008
525.25,63.4532266060138
525.5,73.32911259230188
525.75,69.07747184196631
526.0,64.14367865863457
526.25,60.983231304293525
526.5,77.00164093975958
526.75,73.4738199143008
527.0,63.7882766617664
527.25,62.81583442303888
527.5,77.67498442742566
527.75,75.39811430711329
528.0,68.39274158718494
528.25,83.19996149811708
528.5,68.54087037555159
528.75,62.58191465514367
529.0,79.34200227439892
529.25,69.38028297540389
529.5,73.5559633509344
529.75,71.1782939508121
530.0,63.09052576765857
530.25,61.66696291993527
530.5,69.42134999295165
530.75,81.90536338709354
531.0,63.15180591882867
531.25,81.57569058111625
531.5,72.72618371767476
531.75,62.36426928591632
532.0,73.12593710086955
532.25,75.48753008810702
532.5,64.0829117014257
532.75,54.51810907815645
533.0,73.9057692576344
533.25,62.505059575551414
533.5,74.60304089634279
533.75,56.30403067306938
534.0,70.10788128521641
534.25,64.9322446897224
534.5,59.72731019806851
534.75,69.4015151947905
535.0,72.63516571673567
535.25,66.98707098390007
535.5,62.15433932455994
535.75,73.02263276702405
536.0,57.78004845993511
536.25,75.58072225342343
536.5,75.2592151678234
536.75,84.52051452483353
537.0,78.36357209559661
537.25,74.27374732197143
537.5,73.58922667583293
537.75,71.7777330112901
538.0,61.276665504919734
538.25,82.99166688473895
538.5,75.7360051815639
538.75,69.43984030750651
539.0,62.77828108522808
539.25,83.25930602761387
539.5,75.8810817030379
539.75,62.55374155556062
540.0,77.0221763028899
540.25,86.56371082495335
540.5,71.675420513313
540.75,74.99022943243257
541.0,68.67401276853388
541.25,67.04829444809414
541.5,80.30544931498278
541.75,95.92424637897456
542.0,72.92663041493131
542.25,71.08532796420432
542.5,78.24360555788967
542.75,69.73830410329346
543.0,77.79942904589689
543.25,78.6054464103332
543.5,64.29795981065793
543.75,63.89184883617162
544.0,71.67921042799401
544.25,78.75372611556946
544.5,74.46917535816911
544.75,81.98711855704883
545.0,61.684488933001944
545.25,76.2381436735316
545.5,67.60504079577356
545.75,73.24767614802212
546.0,75.00093737861692
546.25,64.99941717762735
546.5,70.78903119113936
546.75,63.56032435890845
547.0,74.69554623391117
547.25,66.06109991836082
547.5,68.85870682998997
547.75,74.42557143934783
548.0,67.68799684480642
548.25,81.70803654156569
548.5,67.87833977050596
548.75,79.4516295571147
549.0,75.08733328992948
549.25,64.89791302614773
549.5,71.26606407867928
549.75,66.49967556849452
550.0,70.22018490420507
550.25,70.95675909380195
550.5,87.2052197333517
550.75,69.87885703514061
551.0,85.33445119567486
551.25,76.66605106278766
551.5,63.0961714201114
551.75,55.32533132814114
552.0,78.5623288038511
552.25,57.90051326670559
552.5,78.94376845949107
552.75,81.38506554176388
553.0,76.47027172419854
553.25,71.85449947115369
553.5,71.56906748202294
553.75,75.56004071394048
554.0,71.23766977363209
554.25,69.47485053588008
554.5,70.79060135681176
554.75,82.76449978319027
555.0,68.92131926026318
555.25,76.70969978233707
555.5,64.88134213150371
555.75,68.31836423013802
556.0,63.23010620694285
556.25,72.38051517883353
556.5,79.24085633831933
556.75,76.35309196232042
557.0,70.20709622386863
557.25,78.79904140211801
557.5,71.41022786520593
557.75,77.0197933262883
558.0,76.29233181478715
558.25,78.40436797498883
558.5,55.06138564069236
558.75,64.19748531681057
559.0,80.31485810578161
559.25,73.53110666007736
559.5,91.77016593102823
559.75,72.61707365965793
560.0,70.20406691575185
560.25,86.07773222691728
560.5,78.85035597178965
560.75,89.281546085723
561.0,78.57108350907068
561.25,73.08636247901643
561.5,80.30555381319608
561.75,68.64089833896479
562.0,71.32120453477069
562.25,70.51956219236543
562.5,73.13448888640082
562.75,80.91818663598319
563.0,71.20512248058242
563.25,77.4601015249097
563.5,71.1489609256487
563.75,81.87944345688243
564.0,53.76009101469139
564.25,73.51298408220998
564.5,76.46392166815272
564.75,66.85368065826573
565.0,83.07360677108916
565.25,76.94811770715233
565.5,85.22176634610494
565.75,82.78945525716145
566.0,80.34867814391312
566.25,74.27151570405587
566.5,67.06433387123232
566.75,73.80074239133683
567.0,71.98625995884599
567.25,77.51376980192998
567.5,72.02229457565252
567.75,99.28491870993784
568.0,63.33995901155054
568.25,84.81379834120841
568.5,72.13886189237019
568.75,73.93580364794003
569.0,83.00512487505398
569.25,75.90778173537987
569.5,66.55168711943021
569.75,79.15868197332416
570.0,74.49170335834488
570.25,60.13123835579344
570.5,77.60546561500033
570.75,67.95883830698608
571.0,70.39894874678345
571.25,79.91787119628708
571.5,78.54206554470055
571.75,74.02074958307043
572.0,93.0686221708745
572.25,79.58012863844438
572.5,71.6352068221255
572.75,78.24183144185915
573.0,75.51515075183522
573.25,59.464453667170915
573.5,64.35329854348454
573.75,65.82369123800025
574.0,92.55432443253045
574.25,75.21683870762423
574.5,74.54006997180154
574.75,72.34915883206892
575.0,84.32468879908366
575.25,76.99996442349588
575.5,89.99451773269554
575.75,82.94582214432258
576.0,89.59478614861519
576.25,76.02434510820576
576.5,79.86266773546606
576.75,73.65968435394444
577.0,75.73478952313182
577.25,63.716725676112034
577.5,72.62374203643743
577.75,69.80351121669526
578.0,72.1511228138029
578.25,86.60320554795305
578.5,79.27120544372212
578.75,86.741283947315
579.0,83.94239348378431
579.25,84.45513038218772
579.5,85.14051593670847
579.75,72.75719492574862
580.0,83.64968375271027
580.25,75.01103195789547
580.5,73.4384726714911
580.75,86.78005158681239
581.0,94.28684705441937
581.25,70.08673548378361
581.5,91.06306890736244
581.75,84.10684729393247
582.0,71.1977368895808
582.25,79.87294216392547
582.5,80.66253725935616
582.75,80.72626788010245
583.0,75.11522765305321
583.25,67.98700983828239
583.5,78.17158422193432
583.75,84.60563900698767
584.0,84.04589587248084
584.25,83.12217556790945
584.5,86.55522667087163
584.75,70.44860080470956
585.0,77.7966716298616
585.25,80.77884802082077
585.5,85.88540538772163
585.75,79.4189574333466
586.0,82.24173666737646
586.25,79.30745090661671
586.5,94.48273333171312
586.75,61.510314531915085
587.0,78.17929803600077
587.25,97.4802536782071
587.5,80.24627913359441
587.75,64.3399568530614
588.0,79.51903418399536
588.25,67.46835181386088
588.5,73.31233140639046
588.75,80.30644596335638
589.0,91.81298161622796
589.25,82.1984819909567
589.5,83.81381368577148
589.75,86.53604839761064
590.0,80.26100862958259
590.25,72.14007628602843
590.5,78.01721922553027
590.75,81.3937383465009
591.0,76.6944206515179
591.25,73.70977599450428
591.5,76.1145026608423
591.75,67.33725565956688
592.0,71.03907116468254
592.25,78.26010624879592
592.5,76.20571466815073
592.75,79.29919380649349
593.0,89.84958809881495
593.25,81.36888601666587
593.5,78.83767570028881
593.75,70.07061105421947
594.0,70.83130004590168
594.25,82.05163934933256
594.5,72.45855176442146
594.75,82.51389756697857
595.0,70.96258517350749
595.25,80.28854975880297
595.5,78.71562101271522
595.75,86.9710946706451
596.0,76.30271145169628
596.25,76.47901579311846
596.5,81.26016891051974
596.75,79.81126992458195
597.0,92.41895176848897
597.25,77.45068638559687
597.5,75.32302569681569
597.75,77.01692300138794
598.0,83.14500754518612
598.25,81.31727339990339
598.5,84.87440269562242
598.75,68.90383492450636
599.0,98.6496194920908
599.25,93.76121281239735
599.5,79.37349487575594
599.75,70.32638722538637
600.0,80.84405180542713
600.25,82.86608650241891
600.5,62.50373096855564
600.75,79.81122974669557
601.0,68.34540641026653
601.25,83.26940370804586
601.5,90.39659654476455
601.75,87.73252563778875
602.0,68.19911009881682
602.25,90.44486383823542
602.5,86.80079770141313
602.75,77.06275233654274
603.0,83.72170168833534
603.25,91.55326648933476
603.5,77.33394119671546
603.75,79.7818752819165
604.0,75.61083665677324
604.25,88.83370341397016
604.5,63.36541507383052
604.75,90.8865653856817
605.0,72.52408135712044
605.25,87.1174418822611
605.5,67.48690872928819
605.75,72.80072593445198
606.0,75.42340779738066
606.25,86.4119006074211
606.5,67.56734705115073
606.75,84.70040954757563
607.0,75.17915241509094
607.25,89.64015872589628
607.5,77.69807531893612
607.75,83.8458032511344
608.0,78.79049400017105
608.25,93.92715149196609
608.5,77.36082990144753
608.75,79.94985196375455
609.0,95.42346403702658
609.25,80.7571071541224
609.5,85.44975951022698
609.75,74.50246169392462
610.0,81.7220372657928
610.25,62.73113829518769
610.5,81.01057841374482
610.75,75.22937535214508
611.0,68.64554961121286
611.25,69.32019694224907
611.5,89.01572162708426
611.75,83.51702797725865
612.0,68.56834024173534
612.25,94.20842492500033
612.5,74.89430198745623
612.75,77.41560232722938
613.0,82.15752151799957
613.25,71.51161313146666
613.5,67.81858562252668
613.75,74.53330815585825
614.0,89.37079717074218
614.25,87.60584929012528
614.5,68.12111870292568
614.75,89.55234188957718
615.0,80.549392478223
615.25,84.14261993245286
615.5,80.68899698488606
615.75,83.47673535643546
616.0,72.59440361373353
616.25,73.2967471623011
616.5,74.8847007150345
616.75,77.46119505406968
617.0,85.06439708942031
617.25,70.93585804177307
617.5,92.56965433762514
617.75,75.42833165419421
618.0,75.76565648076041
618.25,85.70829984831602
618.5,83.63314263819817
618.75,77.68211872073536
619.0,72.05142940233337
619.25,72.58779983322299
619.5,67.98206655305118
619.75,89.08462721830365
620.0,88.6195246887743
620.25,94.65871953988957
620.5,84.11244243587352
620.75,82.830459679677
621.0,86.09418590075056
621.25,87.58360148268628
621.5,78.2627644400477
621.75,82.96306454340673
622.0,96.82929276969936
622.25,67.20016880338854
622.5,69.4135546896932
622.75,72.81312056891286
623.0,86.02330806424263
623.25,89.36283149265572
623.5,77.60104765860318
623.75,85.3742906204379
624.0,79.82271794495476
624.25,82.49734250066801
624.5,76.01825685822779
624.75,79.96281062135829
625.0,80.12780312649552
625.25,88.86560891185819
625.5,97.3338141525856
625.75,66.16108748659028
626.0,84.22986481511526
626.25,80.08082725545384
626.5,87.56519949564557
626.75,88.27450183322185
627.0,86.10011210625422
627.25,86.30717568274251
627.5,72.7515412594022
627.75,66.92194913931553
628.0,92.90431516682834
628.25,89.34427874934164
628.5,72.68722605608775
628.75,89.95137781505815
629.0,85.1345126751702
629.25,61.08271062032562
629.5,86.8997008698784
629.75,72.35435820003067
630.0,88.92910590199266
630.25,74.68492459050735
630.5,74.193555287524
630.75,68.00276327808163
631.0,78.22217192886897
631.25,87.71879133493825
631.5,74.69030889206788
631.75,65.51512526316469
632.0,96.3568151587739
632.25,94.03745047371758
632.5,85.12275425872976
632.75,75.64435738577833
633.0,70.43477825161581
633.25,67.12674334170843
633.5,84.04205902553443
633.75,89.7386264288234
634.0,71.53674754767755
634.25,79.68648456434084
634.5,77.53301843215662
634.75,77.67822965373206
635.0,83.50386301225227
635.25,95.74662436334273
635.5,74.69256821723678
635.75,86.13387778193156
636.0,87.95825002162985
636.25,77.3550298021982
636.5,78.38025528987527
636.75,69.1665429086169
637.0,87.80511615866233
637.25,75.37647609907974
637.5,74.40643761665292
637.75,79.94978673886709
638.0,72.79444844697059
638.25,71.35323935949243
638.5,77.07462493631913
638.75,90.81476667018156
639.0,77.7460681847556
639.25,83.37350731521072
639.5,67.97732793597223
639.75,64.24789761427138
640.0,93.26356180291235
640.25,76.15334190511413
640.5,67.3353422888017
640.75,78.3640124415981
641.0,83.84247310054593
641.25,65.81604570499465
641.5,72.3100314429861
641.75,81.09374730633908
642.0,71.95662460997755
642.25,85.19530150297082
642.5,86.44524914396213
642.75,82.41584620695302
643.0,75.66358524211648
643.25,78.59604174323546
643.5,74.04941517400248
643.75,77.89995390365505
644.0,81.33747014571532
644.25,76.54145865730327
644.5,86.34729224784449
644.75,98.84027559629632
645.0,74.56346097008527
645.25,81.41068622423536
645.5,85.09152185499568
645.75,83.6894117471759
646.0,76.85122740115592
646.25,74.96086732545506
646.5,86.39184847253357
646.75,83.43748106072131
647.0,82.49919777838275
647.25,72.35517976663299
647.5,83.41577425319224
647.75,84.65006794410097
648.0,77.05600165818038
648.25,83.45174393946864
648.5,95.21316600409673
648.75,63.905483443809885
649.0,83.06895758741506
649.25,69.3061101272048
649.5,67.7859284438278
649.75,76.48351425989645
650.0,82.49534948855013
650.25,78.64964666341639
650.5,69.21336188721456
650.75,67.07581834528658
651.0,73.86698686313875
651.25,78.24756728932472
651.5,71.69404872285024
651.75,66.46095400174269
652.0,91.63089949818882
652.25,71.5456397812273
652.5,76.7956561216039
652.75,73.73637469665114
653.0,73.42257134239237
653.25,78.23408260208844
653.5,75.59197689930102
653.75,82.65860347129741
654.0,68.67324571391983
654.25,66.31119655126635
654.5,92.8734442880328
654.75,77.17491427538316
655.0,83.67515787343635
655.25,86.83357328752884
655.5,81.96140193866209
655.75,78.52550281173143
656.0,138.93593794406152
656.25,596.7455876770388
656.5,312.61199312608574
656.75,88.5253970461968
657.0,81.92168732495482
657.25,64.62830302944525
657.5,60.93344453369332
657.75,69.23712008681281
658.0,68.23734348109444
658.25,78.59718284515097
658.5,69.41673420610724
658.75,89.56895078237368
659.0,72.4544733686636
659.25,72.8957978474105
659.5,83.91868265765996
659.75,79.73927439237767
660.0,70.19320597127847
660.25,83.50528480790655
660.5,92.0143633729476
660.75,67.5637093871332
661.0,75.12488345659061
661.25,68.66933626793443
661.5,61.931785116438434
661.75,81.82729966030409
662.0,82.35252430707516
662.25,84.47143328470922
662.5,80.2077079334155
662.75,61.21887582908309
663.0,76.6158164690458
663.25,71.61002437804342
663.5,67.63324835008501
663.75,68.1497350019875
664.0,82.65685282918132
664.25,74.38346766790609
664.5,91.92716994955029
664.75,80.28593727518171
665.0,61.77163846829297
665.25,83.52039565181902
665.5,86.25472452179208
665.75,76.76213184466674
666.0,67.06689476993171
666.25,90.21069784048234
666.5,66.22636776813042
666.75,75.75661506320141
667.0,61.5562605815743
667.25,66.59918293513103
667.5,63.10377089730213
667.75,84.77219744668038
668.0,85.44146338907254
668.25,73.09101090982408
668.5,65.66553756973026
668.75,75.7224273655683
669.0,79.11383734153748
669.25,64.25593501866958
669.5,67.08999252463529
669.75,75.28583971463749
670.0,81.53836683572604
670.25,76.61211923513396
670.5,79.50904143870784
670.75,66.2463293588813
671.0,56.54810641837854
671.25,78.35667367652556
671.5,68.74829360987448
671.75,74.90817780051877
672.0,72.90817687551097
672.25,79.57294256462697
672.5,69.77528103997587
672.75,87.04054905512186
673.0,75.99126779477501
673.25,79.85186290496306
673.5,80.61058623901327
673.75,83.77189728079153
674.0,78.80241371916559
674.25,61.96045139894385
674.5,70.68916547028705
674.75,90.10906960032524
675.0,79.24458915703869
675.25,79.91010852380776
675.5,79.15456775342035
675.75,70.46809816340311
676.0,70.1561365556565
676.25,70.37701515129774
676.5,84.46515797212965
676.75,78.23595639306063
677.0,89.28326217243027
677.25,79.2397699099441
677.5,90.11228853036027
677.75,78.87601660083656
678.0,66.01185171901491
678.25,88.87787859791774
678.5,77.87123187736499
678.75,84.53863375032724
679.0,76.86588347813722
679.25,72.59907193830202
679.5,76.46966894169307
679.75,66.32668435962768
680.0,65.73377921026852
680.25,68.11424186878303
680.5,70.94361430611123
680.75,64.40266736426508
681.0,74.20713773780587
681.25,77.38491825996168
681.5,90.88677143859839
681.75,89.39751436678674
682.0,74.54562001414978
682.25,81.85909597897027
682.5,73.17752825122736
682.75,77.94604509859701
683.0,74.59414633282688
683.25,70.59551258631217
683.5,75.41652810409386
683.75,63.186637477153994
684.0,78.24310884954359
684.25,72.49229227653339
684.5,66.2398756062288
684.75,71.90478483540637
685.0,79.06999646672331
685.25,69.35554027676235
685.5,78.41801421299215
685.75,79.14882375313725
686.0,86.91090767697295
686.25,66.0803698290027
686.5,73.74231659368535
686.75,78.62738101361778
687.0,86.39580557651853
687.25,76.63436139920606
687.5,80.49166773692941
687.75,62.98522132929158
688.0,69.92761667093696
688.25,87.59573502094602
688.5,72.25574289888917
688.75,91.51982904838276
689.0,68.73088481901969
689.25,72.26402905636027
689.5,61.87464481240565
689.75,79.44033806632726
690.0,76.49982638271558
690.25,90.31674367821421
690.5,75.69432112687859
690.75,72.40206060430128
691.0,63.256372305998624
691.25,73.70555043808426
691.5,81.81174869283063
691.75,80.17427784572311
692.0,84.0110531790521
692.25,81.13466411942818
692.5,73.9333648846536
692.75,79.06365272821296
693.0,75.64177865953639
693.25,63.748357626237365
693.5,87.77829041848172
693.75,77.21002458257475
694.0,65.93837474149636
694.25,77.2772578867237
694.5,76.49986016856099
694.75,82.09279879853122
695.0,85.62383364062808
695.25,50.164730824486426
695.5,78.58123875488558
695.75,86.2887056267023
696.0,66.68123182747331
696.25,59.47647610850675
696.5,76.37635054710586
696.75,76.81890011696318
697.0,76.92606702930536
697.25,65.36748295486328
697.5,70.44657099134517
697.75,75.68028114147067
698.0,80.03035972793552
698.25,91.48385511285963
698.5,76.45193395009474
698.75,69.34908181026478
699.0,55.42913757489558
699.25,82.62090505918637
699.5,73.06496203136865
699.75,73.23802703775728
700.0,66.27513211770399
700.25,79.92030575220403
700.5,59.89333319482385
700.75,74.95652919261998
701.0,75.05592248146246
701.25,76.47356789310857
701.5,84.43883790771842
701.75,73.30844016164875
702.0,74.83932279474756
702.25,80.88444179879812
702.5,61.79431888007851
702.75,71.77516546742609
703.0,74.63084584719444
703.25,81.6744700066871
703.5,67.7450511929024
703.75,80.47596335649129
704.0,77.14830112841551
704.25,62.2965744495615
704.5,62.360825928377615
704.75,62.73166238743402
705.0,75.21689373023172
705.25,75.75189951407573
705.5,79.85969397635114
705.75,80.63798327336015
706.0,69.73810025683595
706.25,82.62147688422206
706.5,80.63666312289011
706.75,77.8835755774373
707.0,77.94752011053474
707.25,63.923376056865465
707.5,77.02301669173735
707.75,65.94910258465009
708.0,64.68893767857656
708.25,71.38986531373907
708.5,75.28405531995071
708.75,73.75833932470557
709.0,71.56467748069053
709.25,66.2458694595907
709.5,75.68840921609454
709.75,68.3205778802896
710.0,63.02467346790219
710.25,74.97335066437064
710.5,85.80051095195122
710.75,71.02927267390653
711.0,65.81335633575198
711.25,85.28222294622987
711.5,87.89858579155239
711.75,71.94840105690196
712.0,72.61952848303504
712.25,75.99437254813245
712.5,97.80480877326146
712.75,75.39642979672566
713.0,82.25697225973302
713.25,77.88604508566411
713.5,59.8840101993447
713.75,65.60831143848091
714.0,64.5809978315994
714.25,77.85425049589246
714.5,75.26516563585714
714.75,88.68505850824623
715.0,72.29460409870065
715.25,76.9160383927714
715.5,75.07363359428699
715.75,75.59782622570299
716.0,92.95468367757069
716.25,76.78766180545409
716.5,86.26073364597245
716.75,84.88940974840753
717.0,69.72948484008523
717.25,80.04526735686154
717.5,71.56372828320428
717.75,75.49080792325445
718.0,75.89306843571487
718.25,74.81752830751184
718.5,70.92557213996429
718.75,87.09384401261754
719.0,72.58999305295423
719.25,80.32250325588427
719.5,88.12802299738244
719.75,79.75040882672545
720.0,82.95998767320154
720.25,85.86997095805661
720.5,83.4946063132802
720.75,88.54363807027346
721.0,63.46807684245075
721.25,90.49691074777208
721.5,75.11915499897032
721.75,60.976245414723564
722.0,69.83084148114891
722.25,63.83495386222502
722.5,74.80852994234372
722.75,63.11908074280596
723.0,66.9966535505304
723.25,77.40761413557132
723.5,76.32183827620415
723.75,68.72726266254209
724.0,73.24574716892572
724.25,74.3487213930634
724.5,75.75926581774195
724.75,75.13008177415551
725.0,73.44426761801473
725.25,82.24760555695647
725.5,62.43495408572985
725.75,71.34010653847062
726.0,76.37258625666485
726.25,72.12984285562096
726.5,70.94639618501829
726.75,71.89118982257325
727.0,77.0767588794684
727.25,85.37954766501909
727.5,73.97804275896655
727.75,73.35125475184417
728.0,78.35563225226412
728.25,73.60428575473115
728.5,60.111558795288005
728.75,77.73661289842848
729.0,72.60509843132927
729.25,71.07353481050893
729.5,80.6984827384513
729.75,76.05693100806297
730.0,71.2211360560519
730.25,58.35859597178796
730.5,62.039058927734054
730.75,75.92913765653967
731.0,74.90898195747526
731.25,79.37767711916153
731.5,77.68934464315245
731.75,72.11073884697288
732.0,65.8516928912542
732.25,67.24212264306217
732.5,74.91171313093936
732.75,66.87003897545364
733.0,82.12696915281438
733.25,65.51094149118939
733.5,61.821358649525955
733.75,74.6274591614031
734.0,62.016260084661745
734.25,89.25481822471637
734.5,68.33720716273848
734.75,75.88806408068123
735.0,74.38302742070834
735.25,69.80846270227428
735.5,62.26354515820197
735.75,61.54527601812077
736.0,83.37997091066737
736.25,84.66345142219521
736.5,93.83219736537225
736.75,64.86533591663009
737.0,81.07850122269785
737.25,76.51551720228365
737.5,83.42445117772328
737.75,72.58512118407704
738.0,82.49985170065054
738.25,83.9277298242846
738.5,81.64724096551849
738.75,88.4018846311549
739.0,75.46715060127494
739.25,89.24849257935492
739.5,71.32922879011936
739.75,90.3042565126672
740.0,55.03040848955704
740.25,77.14580908715375
740.5,70.66850026871683
740.75,77.12051171165147
741.0,85.39259024750402
741.25,82.9231286414199
741.5,77.97312928515939
741.75,90.86210259766467
742.0,65.47660601315148
742.25,70.80654205444814
742.5,89.43600132220439
742.75,80.01672414666896
743.0,60.83212430396716
743.25,80.19104839129213
743.5,68.02658517842815
743.75,89.35618611235083
744.0,86.72402505786842
744.25,73.23443000570613
744.5,87.99449069015812
744.75,71.01649074737239
745.0,85.08183341954239
745.25,82.38913426563911
745.5,76.77839593484924
745.75,66.45800914702187
746.0,75.63063946520755
746.25,59.58924105539837
746.5,73.43489264986407
746.75,63.17610018177292
747.0,87.74139344712039
747.25,70.32279316047101
747.5,58.63615750219671
747.75,82.80408247052398
748.0,81.1191226794516
748.25,74.1510888705668
748.5,95.18256886207567
748.75,84.46901028861961
749.0,78.85013010311388
749.25,73.19725968140433
749.5,54.74955764255286
749.75,82.27003312879889
750.0,86.15756823546637
750.25,123.70316052746844
750.5,185.99342272101038
750.75,78.29956468850432
751.0,65.24593261990353
751.25,78.71979428608013
751.5,84.86732339103581
751.75,90.81594684812207
752.0,80.89775200792235
752.25,80.38604657509457
752.5,84.8514916679366
752.75,90.09009093148703
753.0,76.37494013573954
753.25,69.14277728609606
753.5,72.67253607215997
753.75,68.9746590091372
754.0,71.97157491982011
754.25,78.15455888269345
754.5,81.90213827940312
754.75,80.44729076654382
755.0,79.79452031061797
755.25,76.41723733120011
755.5,82.70005979890927
755.75,86.43420863050106
756.0,85.46681249469383
756.25,91.4068070953019
756.5,77.14444480912402
756.75,77.4913187766574
757.0,93.09738472983473
757.25,81.18814189764353
757.5,82.92139895568461
757.75,76.96624362107751
758.0,87.44480635583379
758.25,76.51239678615025
758.5,71.70906005561037
758.75,79.32293256132867
759.0,76.30767007436724
759.25,86.55537141464403
759.5,76.8996643387793
759.75,80.9468096783321
760.0,78.26045715642839
760.25,82.756039916315
760.5,75.02964616130417
760.75,88.9471717564601
761.0,68.75602798639333
761.25,77.10186492118136
761.5,74.55382904939029
761.75,85.44206754453364
762.0,80.61612232610256
762.25,84.21261247246643
762.5,77.73031268078697
762.75,74.66451623564917
763.0,71.48874363962749
763.25,77.80834908814428
763.5,76.23392424267874
763.75,82.79472749713491
764.0,83.42941830278166
764.25,88.44317699567836
764.5,79.81103112858635
764.75,74.71233816214857
765.0,72.24741894059903
765.25,81.26205513388913
765.5,83.69541503403143
765.75,96.42965773241534
766.0,82.3352047239255
766.25,94.9758189584906
766.5,95.9369115530522
766.75,72.59646311378066
767.0,90.70478226696397
767.25,90.1498902610522
767.5,91.85569129719987
767.75,81.04797511229957
768.0,88.8018821385686
768.25,77.34772338632314
768.5,80.66975187824752
768.75,81.41857126074939
769.0,95.56266275676145
769.25,79.61197610323585
769.5,89.0089167373568
769.75,81.93054931833443
770.0,75.76309068645045
770.25,83.4103516971201
770.5,86.78247427816899
770.75,75.83973910356731
771.0,86.64378646191733
771.25,75.9035127426856
771.5,74.61953598698159
771.75,83.42825985164326
772.0,79.81804985898135
772.25,73.87179223207377
772.5,68.7290254844948
772.75,81.98354626630255
773.0,83.77456500179112
773.25,78.18541331798393
773.5,83.39238944194003
773.75,69.70699966499973
774.0,85.09603995682401
774.25,85.31660000588668
774.5,84.24202765059871
774.75,77.14532724582037
775.0,82.71311376708562
775.25,83.14917853932248
775.5,90.69479240083386
775.75,84.37807831601282
776.0,84.22963985710055
776.25,76.44019853591249
776.5,89.15433796546142
776.75,91.71151751918961
777.0,108.83696317362616
777.25,538.8205770441997
777.5,227.00988093588003
777.75,82.9813972695824
778.0,72.14611994578686
778.25,96.51091298201997
778.5,67.5642595168851
778.75,84.93817303986566
779.0,79.53391834515548
779.25,91.72460610969706
779.5,79.21560564058453
779.75,82.93896301390168
780.0,87.53401419768876
780.25,86.32373261674877
780.5,78.5486089756143
780.75,88.17427846823647
781.0,85.88710426810874
781.25,90.68143681891407
781.5,78.7232120143231
781.75,82.4626090668124
782.0,79.73094979827427
782.25,76.18650908884028
782.5,84.9407954060507
782.75,86.19721792325201
783.0,94.28996261646382
783.25,80.37802112396088
783.5,86.09340733224764
783.75,92.14902928562512
784.0,82.1373370982252
784.25,83.57410194902911
784.5,84.16334040291333
784.75,77.60730734148746
785.0,75.25089210808211
785.25,92.07156416537097
785.5,84.5622351230205
785.75,82.60735063538077
786.0,73.31172040016192
786.25,84.18336462337214
786.5,92.62391026190198
786.75,74.10877977610662
787.0,76.1941869181232
787.25,92.17038162139659
787.5,94.75318030358002
787.75,95.74259203023082
788.0,78.97893785283105
788.25,88.18597709231696
788.5,77.43825617193284
788.75,87.58989145677116
789.0,80.55108041011417
789.25,85.0393925390554
789.5,94.18045131351487
789.75,86.20784250420624
790.0,81.61112922779328
790.25,83.99180466130977
790.5,85.67975479359971
790.75,79.4963079722982
791.0,85.24098458594341
791.25,88.38811460064584
791.5,96.03958493809176
791.75,67.23302016746032
792.0,74.1875790257478
792.25,73.82553698549101
792.5,90.6538581077031
792.75,103.11827291925448
793.0,85.25666975175379
793.25,84.69408457411633
793.5,92.80013328093634
793.75,64.33437328121165
794.0,82.34384988055729
794.25,58.998505063233246
794.5,85.02406157988504
794.75,79.76256029241384
795.0,79.96204912067782
795.25,86.53264742923778
795.5,79.19726505058172
795.75,92.68677643479417
796.0,83.83902565529164
796.25,86.90082250897397
796.5,104.05188383610857
796.75,80.32811912270016
797.0,91.26302269001374
797.25,77.34224053005332
797.5,93.83233520285049
797.75,91.59206524495896
798.0,85.05143396641493
798.25,91.82420944128664
798.5,96.73315827616386
798.75,94.9043887953701
799.0,83.98104298531292
799.25,83.54352124492421
799.5,92.77673261274771
799.75,72.31449455752545
800.0,79.21447811145299
800.25,87.85131956555136
800.5,88.52537893775337
800.75,98.77900116531009
801.0,97.97840367463961
801.25,86.59718045911512
801.5,87.53049619612783
801.75,73.57871805003904
802.0,82.56994313320459
802.25,86.11399109896867
802.5,82.25415050013427
802.75,84.52580682944672
803.0,88.87267005388176
803.25,76.51415720694374
803.5,79.56003738274462
803.75,69.97539828582337
804.0,93.1328957179812
804.25,75.70341341951719
804.5,70.57447349493283
804.75,90.16730754382573
805.0,82.37373636851835
805.25,91.7178953680724
805.5,81.14955333730558
805.75,100.89637699294993
806.0,89.72163183303009
806.25,85.25963594114195
806.5,84.98042508594936
806.75,82.4358697454875
807.0,90.46628174349429
807.25,99.8866456345599
807.5,80.71935309285797
807.75,75.44754259263235
808.0,88.78206391490036
808.25,92.49449247471647
808.5,72.24549051884152
808.75,78.57448387787106
809.0,76.16158596329079
809.25,88.48432990400444
809.5,88.0339180384599
809.75,78.22945794932596
810.0,75.11912848587333
810.25,89.42046288404471
810.5,67.76719045406394
810.75,89.09879647338519
811.0,82.77857818652016
811.25,101.7919672155783
811.5,291.8426590228513
811.75,82.03630286168253
812.0,81.81416300327822
812.25,81.78476062846268
812.5,78.21978738102428
812.75,84.60216595618697
813.0,91.56350637521246
813.25,72.04303389408966
813.5,82.13586781015603
813.75,95.70482645166646
814.0,89.77227291285429
814.25,77.48693476493744
814.5,77.53784222755937
814.75,77.14533275396498
815.0,71.21844782377268
815.25,92.93847300395136
815.5,84.4067335987063
815.75,78.3479726093923
816.0,72.53171986461196
816.25,80.79816153475959
816.5,79.78108030050932
816.75,97.36996297193556
817.0,80.17070949407227
817.25,84.68989359204092
817.5,92.20946355203132
817.75,89.01637143215468
818.0,82.31744931744684
818.25,66.5443434122074
818.5,94.75638263482915
818.75,88.41324905544592
819.0,80.27123339772545
819.25,82.97727801761704
819.5,76.13994679831406
819.75,76.57493584512476
820.0,71.95452412766242
820.25,87.56676304026895
820.5,87.68112068879634
820.75,84.96246275891042
821.0,89.71222822493004
821.25,87.77409538434124
821.5,84.50221311001968
821.75,76.57646692563745
822.0,88.15820084389752
822.25,92.82569673242044
822.5,88.43932651001839
822.75,93.27181310101219
823.0,79.72461362271113
823.25,75.7262142469416
823.5,93.24308458071503
823.75,78.80150804986106
824.0,85.28030561124247
824.25,81.85437855776658
824.5,83.5072571834317
824.75,81.18974957102684
825.0,79.0613755037079
825.25,69.27302602773787
825.5,98.22801959200609
825.75,84.83909260411833
826.0,68.10416071694698
826.25,76.07990695663966
826.5,74.33983804914557
826.75,77.3349279896356
827.0,63.137806285835964
827.25,87.63462701287708
827.5,95.96912464799087
827.75,81.14726276599124
828.0,88.89547100328427
828.25,87.75147970090539
828.5,73.24710022071211
828.75,92.5567956749122
829.0,69.74903237255576
829.25,78.43786509921473
829.5,80.11189503979296
829.75,92.7602083501608
830.0,83.81563159959644
830.25,81.88790135734564
830.5,76.53297169331668
830.75,83.52229234334195
831.0,83.12574848340712
831.25,88.49679513104172
831.5,93.68167167215438
831.75,88.50531387629492
832.0,82.84300991287164
832.25,81.47941060374485
832.5,95.20253908429876
832.75,84.20368551469825
833.0,82.47772781267136
833.25,96.65545779212117
833.5,94.84403473337903
833.75,86.98909934875489
834.0,81.6555580537595
834.25,77.5132743298311
834.5,90.81678171208983
834.75,78.8843462732062
835.0,89.92806931852593
835.25,76.24930263453058
835.5,83.17701964263847
835.75,85.48325714868791
836.0,83.44018882306608
836.25,84.1111131904012
836.5,85.24048136959381
836.75,73.43958190090518
837.0,73.51758131659852
837.25,81.02471700701453
837.5,96.2748749957268
837.75,81.1512560313195
838.0,74.84728153812078
838.25,76.90915698673913
838.5,82.3112217703417
838.75,91.26996080592286
839.0,77.5644611517988
839.25,86.35221863219323
839.5,83.40151523406422
839.75,79.1274486680666
840.0,74.49939882574199
840.25,80.66793306973541
840.5,76.17739231686339
840.75,86.00541448880143
841.0,68.0043772298711
841.25,90.56688246921908
841.5,87.64979628189995
841.75,86.21655275098992
842.0,93.3692544082928
842.25,86.35121314294231
842.5,68.25588299066605
842.75,81.99801358738098
843.0,85.07045859947381
843.25,76.18533297068244
843.5,72.66440560562424
843.75,84.85214324567887
844.0,85.45683668983204
844.25,89.8805718353896
844.5,327.4018455047526
844.75,254.12914628325703
845.0,81.17014408192583
845.25,80.8552841719778
845.5,89.65757222964264
845.75,68.67851122209899
846.0,78.56088644659238
846.25,93.79069822444927
846.5,83.63882971830701
846.75,82.33490965645372
847.0,87.62609030815791
847.25,73.24589990433246
847.5,71.6077691121418
847.75,68.06990906765438
848.0,69.61495876225686
848.25,82.90446769498291
848.5,87.56242167086542
848.75,77.65676452105536
849.0,75.5743630571895
849.25,84.00007812825714
849.5,85.60761432721624
849.75,82.79422872979067
850.0,65.91297786528894
